target,horizon,iter,mean_test_mae,std_test_mae,mean_train_mae,gen_gap,n_estimators,max_depth,min_samples_leaf,min_samples_split,max_features,max_samples,is_best,params
Mag_heading,1,1,1.0753199672667753,0.5274013741120592,1.2584304455659392,-0.18311047829916394,200,8.0,20,4,0.55,0.95,False,"{""n_estimators"": 200, ""min_samples_split"": 4, ""min_samples_leaf"": 20, ""max_samples"": 0.95, ""max_features"": 0.55, ""max_depth"": 8, ""bootstrap"": true}"
Mag_heading,1,2,1.1227530687397704,0.5587490053718994,1.3960504091749601,-0.2732973404351897,160,6.0,30,16,sqrt,0.85,False,"{""n_estimators"": 160, ""min_samples_split"": 16, ""min_samples_leaf"": 30, ""max_samples"": 0.85, ""max_features"": ""sqrt"", ""max_depth"": 6, ""bootstrap"": true}"
Mag_heading,1,3,1.131436988543371,0.5395243854068165,0.8878036194985046,0.24363336904486643,160,,6,4,0.55,0.75,False,"{""n_estimators"": 160, ""min_samples_split"": 4, ""min_samples_leaf"": 6, ""max_samples"": 0.75, ""max_features"": 0.55, ""max_depth"": null, ""bootstrap"": true}"
Mag_heading,1,4,1.1012792553191484,0.5467602055628769,1.2138579374458602,-0.11257868212671185,250,18.0,15,32,0.4,0.75,False,"{""n_estimators"": 250, ""min_samples_split"": 32, ""min_samples_leaf"": 15, ""max_samples"": 0.75, ""max_features"": 0.4, ""max_depth"": 18, ""bootstrap"": true}"
Mag_heading,1,5,1.098523117839607,0.5248877964905334,1.1869904204300172,-0.08846730259041014,120,6.0,6,8,0.7,0.75,False,"{""n_estimators"": 120, ""min_samples_split"": 8, ""min_samples_leaf"": 6, ""max_samples"": 0.75, ""max_features"": 0.7, ""max_depth"": 6, ""bootstrap"": true}"
Mag_heading,1,6,1.1048960720130934,0.526382457342395,1.1317050342904231,-0.026808962277329762,80,12.0,10,24,0.7,0.75,False,"{""n_estimators"": 80, ""min_samples_split"": 24, ""min_samples_leaf"": 10, ""max_samples"": 0.75, ""max_features"": 0.7, ""max_depth"": 12, ""bootstrap"": true}"
Mag_heading,1,7,1.2214930441898524,0.5733421649745655,1.1375819609815045,0.08391108320834784,120,14.0,2,32,0.4,0.6,False,"{""n_estimators"": 120, ""min_samples_split"": 32, ""min_samples_leaf"": 2, ""max_samples"": 0.6, ""max_features"": 0.4, ""max_depth"": 14, ""bootstrap"": true}"
Mag_heading,1,8,1.0436421849427167,0.5230621892014509,1.2866193739090526,-0.2429771889663359,300,18.0,30,32,0.85,,True,"{""n_estimators"": 300, ""min_samples_split"": 32, ""min_samples_leaf"": 30, ""max_samples"": null, ""max_features"": 0.85, ""max_depth"": 18, ""bootstrap"": true}"
Mag_heading,1,9,1.0974193944353519,0.5354747861373996,1.1335094858056605,-0.03609009137030861,200,8.0,10,16,0.55,,False,"{""n_estimators"": 200, ""min_samples_split"": 16, ""min_samples_leaf"": 10, ""max_samples"": null, ""max_features"": 0.55, ""max_depth"": 8, ""bootstrap"": true}"
Mag_heading,1,10,1.0477137888707033,0.5189134805165153,1.2049131340134913,-0.157199345142788,160,12.0,20,12,1.0,,False,"{""n_estimators"": 160, ""min_samples_split"": 12, ""min_samples_leaf"": 20, ""max_samples"": null, ""max_features"": 1.0, ""max_depth"": 12, ""bootstrap"": true}"
Mag_heading,1,11,1.0956313420621924,0.5277517739868167,1.1583943978526,-0.06276305579040753,200,22.0,15,16,0.55,0.95,False,"{""n_estimators"": 200, ""min_samples_split"": 16, ""min_samples_leaf"": 15, ""max_samples"": 0.95, ""max_features"": 0.55, ""max_depth"": 22, ""bootstrap"": true}"
Mag_heading,1,12,1.0903801145662844,0.5386673095621546,1.151357294871714,-0.060977180305429535,160,22.0,10,12,0.4,0.6,False,"{""n_estimators"": 160, ""min_samples_split"": 12, ""min_samples_leaf"": 10, ""max_samples"": 0.6, ""max_features"": 0.4, ""max_depth"": 22, ""bootstrap"": true}"
Mag_heading,1,13,1.1605278232405882,0.5680420029199235,1.3460649090602035,-0.18553708581961526,120,6.0,15,12,sqrt,0.85,False,"{""n_estimators"": 120, ""min_samples_split"": 12, ""min_samples_leaf"": 15, ""max_samples"": 0.85, ""max_features"": ""sqrt"", ""max_depth"": 6, ""bootstrap"": true}"
Mag_heading,1,14,1.1229531505728314,0.5215913283526051,0.6101801530716398,0.5127729975011917,300,18.0,4,8,0.85,0.95,False,"{""n_estimators"": 300, ""min_samples_split"": 8, ""min_samples_leaf"": 4, ""max_samples"": 0.95, ""max_features"": 0.85, ""max_depth"": 18, ""bootstrap"": true}"
Mag_heading,1,15,1.2181732815057278,0.5584450499171624,1.1708589375630232,0.04731434394270462,200,22.0,2,48,sqrt,,False,"{""n_estimators"": 200, ""min_samples_split"": 48, ""min_samples_leaf"": 2, ""max_samples"": null, ""max_features"": ""sqrt"", ""max_depth"": 22, ""bootstrap"": true}"
Mag_heading,1,16,1.0609529459901799,0.5370073866265621,1.293399819524531,-0.23244687353435123,300,22.0,20,32,0.4,0.6,False,"{""n_estimators"": 300, ""min_samples_split"": 32, ""min_samples_leaf"": 20, ""max_samples"": 0.6, ""max_features"": 0.4, ""max_depth"": 22, ""bootstrap"": true}"
Mag_heading,3,1,1.0701303191489364,0.532606992771183,1.2151791611884657,-0.14504884203952928,200,8.0,20,4,0.55,0.95,False,"{""n_estimators"": 200, ""min_samples_split"": 4, ""min_samples_leaf"": 20, ""max_samples"": 0.95, ""max_features"": 0.55, ""max_depth"": 8, ""bootstrap"": true}"
Mag_heading,3,2,1.124888707037643,0.568288955117901,1.3615446878299482,-0.2366559807923052,160,6.0,30,16,sqrt,0.85,False,"{""n_estimators"": 160, ""min_samples_split"": 16, ""min_samples_leaf"": 30, ""max_samples"": 0.85, ""max_features"": ""sqrt"", ""max_depth"": 6, ""bootstrap"": true}"
Mag_heading,3,3,1.111298895253683,0.5270655661085639,0.8720421784816195,0.23925671677206362,160,,6,4,0.55,0.75,False,"{""n_estimators"": 160, ""min_samples_split"": 4, ""min_samples_leaf"": 6, ""max_samples"": 0.75, ""max_features"": 0.55, ""max_depth"": null, ""bootstrap"": true}"
Mag_heading,3,4,1.0964392389525375,0.5410559718622036,1.1632323153562625,-0.066793076403725,250,18.0,15,32,0.4,0.75,False,"{""n_estimators"": 250, ""min_samples_split"": 32, ""min_samples_leaf"": 15, ""max_samples"": 0.75, ""max_features"": 0.4, ""max_depth"": 18, ""bootstrap"": true}"
Mag_heading,3,5,1.0784517184942715,0.5246908828698141,1.1419379073250568,-0.06348618883078538,120,6.0,6,8,0.7,0.75,False,"{""n_estimators"": 120, ""min_samples_split"": 8, ""min_samples_leaf"": 6, ""max_samples"": 0.75, ""max_features"": 0.7, ""max_depth"": 6, ""bootstrap"": true}"
Mag_heading,3,6,1.064029255319149,0.533211126378247,1.1082227907600704,-0.044193535440921305,80,12.0,10,24,0.7,0.75,False,"{""n_estimators"": 80, ""min_samples_split"": 24, ""min_samples_leaf"": 10, ""max_samples"": 0.75, ""max_features"": 0.7, ""max_depth"": 12, ""bootstrap"": true}"
Mag_heading,3,7,1.1470603518821605,0.5688938753996686,1.1145012069808213,0.032559144901339154,120,14.0,2,32,0.4,0.6,False,"{""n_estimators"": 120, ""min_samples_split"": 32, ""min_samples_leaf"": 2, ""max_samples"": 0.6, ""max_features"": 0.4, ""max_depth"": 14, ""bootstrap"": true}"
Mag_heading,3,8,1.0428447217675942,0.5257361049870319,1.2425105982278337,-0.19966587646023948,300,18.0,30,32,0.85,,True,"{""n_estimators"": 300, ""min_samples_split"": 32, ""min_samples_leaf"": 30, ""max_samples"": null, ""max_features"": 0.85, ""max_depth"": 18, ""bootstrap"": true}"
Mag_heading,3,9,1.0789662438625207,0.5325932653905433,1.0950579848624749,-0.01609174099995414,200,8.0,10,16,0.55,,False,"{""n_estimators"": 200, ""min_samples_split"": 16, ""min_samples_leaf"": 10, ""max_samples"": null, ""max_features"": 0.55, ""max_depth"": 8, ""bootstrap"": true}"
Mag_heading,3,10,1.0578060556464817,0.5237904505571628,1.1806462614850313,-0.1228402058385496,160,12.0,20,12,1.0,,False,"{""n_estimators"": 160, ""min_samples_split"": 12, ""min_samples_leaf"": 20, ""max_samples"": null, ""max_features"": 1.0, ""max_depth"": 12, ""bootstrap"": true}"
Mag_heading,3,11,1.072004091653028,0.5327991443988848,1.1228531644550694,-0.05084907280204143,200,22.0,15,16,0.55,0.95,False,"{""n_estimators"": 200, ""min_samples_split"": 16, ""min_samples_leaf"": 15, ""max_samples"": 0.95, ""max_features"": 0.55, ""max_depth"": 22, ""bootstrap"": true}"
Mag_heading,3,12,1.114903027823241,0.5342692971136532,1.112040080903077,0.002862946920163978,160,22.0,10,12,0.4,0.6,False,"{""n_estimators"": 160, ""min_samples_split"": 12, ""min_samples_leaf"": 10, ""max_samples"": 0.6, ""max_features"": 0.4, ""max_depth"": 22, ""bootstrap"": true}"
Mag_heading,3,13,1.1706732815057288,0.5719533111592865,1.289396034281351,-0.11872275277562228,120,6.0,15,12,sqrt,0.85,False,"{""n_estimators"": 120, ""min_samples_split"": 12, ""min_samples_leaf"": 15, ""max_samples"": 0.85, ""max_features"": ""sqrt"", ""max_depth"": 6, ""bootstrap"": true}"
Mag_heading,3,14,1.1354018003273323,0.5351596300265069,0.588455775303866,0.5469460250234663,300,18.0,4,8,0.85,0.95,False,"{""n_estimators"": 300, ""min_samples_split"": 8, ""min_samples_leaf"": 4, ""max_samples"": 0.95, ""max_features"": 0.85, ""max_depth"": 18, ""bootstrap"": true}"
Mag_heading,3,15,1.256339811783961,0.5996057939496252,1.1096683818864335,0.14667142989752757,200,22.0,2,48,sqrt,,False,"{""n_estimators"": 200, ""min_samples_split"": 48, ""min_samples_leaf"": 2, ""max_samples"": null, ""max_features"": ""sqrt"", ""max_depth"": 22, ""bootstrap"": true}"
Mag_heading,3,16,1.0741726677577743,0.5413370843788627,1.2486623280024047,-0.17448966024463042,300,22.0,20,32,0.4,0.6,False,"{""n_estimators"": 300, ""min_samples_split"": 32, ""min_samples_leaf"": 20, ""max_samples"": 0.6, ""max_features"": 0.4, ""max_depth"": 22, ""bootstrap"": true}"
Mag_heading,5,1,1.0820468494271682,0.5954682646754185,1.1986506124209235,-0.1166037629937553,200,8.0,20,4,0.55,0.95,False,"{""n_estimators"": 200, ""min_samples_split"": 4, ""min_samples_leaf"": 20, ""max_samples"": 0.95, ""max_features"": 0.55, ""max_depth"": 8, ""bootstrap"": true}"
Mag_heading,5,2,1.1772710720130934,0.6270549284031344,1.3603129415777875,-0.18304186956469404,160,6.0,30,16,sqrt,0.85,False,"{""n_estimators"": 160, ""min_samples_split"": 16, ""min_samples_leaf"": 30, ""max_samples"": 0.85, ""max_features"": ""sqrt"", ""max_depth"": 6, ""bootstrap"": true}"
Mag_heading,5,3,1.1125654664484448,0.6052692499966612,0.8607257596275227,0.25183970682092205,160,,6,4,0.55,0.75,False,"{""n_estimators"": 160, ""min_samples_split"": 4, ""min_samples_leaf"": 6, ""max_samples"": 0.75, ""max_features"": 0.55, ""max_depth"": null, ""bootstrap"": true}"
Mag_heading,5,4,1.0991423895253676,0.5990334477237128,1.1589466914514466,-0.059804301926078995,250,18.0,15,32,0.4,0.75,False,"{""n_estimators"": 250, ""min_samples_split"": 32, ""min_samples_leaf"": 15, ""max_samples"": 0.75, ""max_features"": 0.4, ""max_depth"": 18, ""bootstrap"": true}"
Mag_heading,5,5,1.0890785597381336,0.5971788369792655,1.122547133506004,-0.03346857376787038,120,6.0,6,8,0.7,0.75,False,"{""n_estimators"": 120, ""min_samples_split"": 8, ""min_samples_leaf"": 6, ""max_samples"": 0.75, ""max_features"": 0.7, ""max_depth"": 6, ""bootstrap"": true}"
Mag_heading,5,6,1.0949881342062189,0.5969223040415218,1.0919365521292093,0.003051582077009618,80,12.0,10,24,0.7,0.75,False,"{""n_estimators"": 80, ""min_samples_split"": 24, ""min_samples_leaf"": 10, ""max_samples"": 0.75, ""max_features"": 0.7, ""max_depth"": 12, ""bootstrap"": true}"
Mag_heading,5,7,1.257292348608837,0.6098771958060348,1.1097581148106686,0.14753423379816843,120,14.0,2,32,0.4,0.6,False,"{""n_estimators"": 120, ""min_samples_split"": 32, ""min_samples_leaf"": 2, ""max_samples"": 0.6, ""max_features"": 0.4, ""max_depth"": 14, ""bootstrap"": true}"
Mag_heading,5,8,1.069292553191489,0.592884814757541,1.2263621848966864,-0.1570696317051974,300,18.0,30,32,0.85,,True,"{""n_estimators"": 300, ""min_samples_split"": 32, ""min_samples_leaf"": 30, ""max_samples"": null, ""max_features"": 0.85, ""max_depth"": 18, ""bootstrap"": true}"
Mag_heading,5,9,1.091081833060556,0.6050274912267373,1.0931051800029845,-0.00202334694242845,200,8.0,10,16,0.55,,False,"{""n_estimators"": 200, ""min_samples_split"": 16, ""min_samples_leaf"": 10, ""max_samples"": null, ""max_features"": 0.55, ""max_depth"": 8, ""bootstrap"": true}"
Mag_heading,5,10,1.0735384615384613,0.5849315338774617,1.1608564736388949,-0.08731801210043355,160,12.0,20,12,1.0,,False,"{""n_estimators"": 160, ""min_samples_split"": 12, ""min_samples_leaf"": 20, ""max_samples"": null, ""max_features"": 1.0, ""max_depth"": 12, ""bootstrap"": true}"
Mag_heading,5,11,1.0863085106382973,0.5949861063234873,1.108774816037266,-0.022466305398968656,200,22.0,15,16,0.55,0.95,False,"{""n_estimators"": 200, ""min_samples_split"": 16, ""min_samples_leaf"": 15, ""max_samples"": 0.95, ""max_features"": 0.55, ""max_depth"": 22, ""bootstrap"": true}"
Mag_heading,5,12,1.1257982815057277,0.600049578194637,1.101943769524369,0.023854511981358684,160,22.0,10,12,0.4,0.6,False,"{""n_estimators"": 160, ""min_samples_split"": 12, ""min_samples_leaf"": 10, ""max_samples"": 0.6, ""max_features"": 0.4, ""max_depth"": 22, ""bootstrap"": true}"
Mag_heading,5,13,1.1728617021276597,0.6242919796737968,1.3002933100064515,-0.12743160787879182,120,6.0,15,12,sqrt,0.85,False,"{""n_estimators"": 120, ""min_samples_split"": 12, ""min_samples_leaf"": 15, ""max_samples"": 0.85, ""max_features"": ""sqrt"", ""max_depth"": 6, ""bootstrap"": true}"
Mag_heading,5,14,1.1189298281505724,0.5961755529668679,0.5963097873775323,0.5226200407730401,300,18.0,4,8,0.85,0.95,False,"{""n_estimators"": 300, ""min_samples_split"": 8, ""min_samples_leaf"": 4, ""max_samples"": 0.95, ""max_features"": 0.85, ""max_depth"": 18, ""bootstrap"": true}"
Mag_heading,5,15,1.4392855973813419,0.7684555109586235,1.1157447643025584,0.32354083307878345,200,22.0,2,48,sqrt,,False,"{""n_estimators"": 200, ""min_samples_split"": 48, ""min_samples_leaf"": 2, ""max_samples"": null, ""max_features"": ""sqrt"", ""max_depth"": 22, ""bootstrap"": true}"
Mag_heading,5,16,1.0888514729950898,0.6079465341066255,1.2284706530507852,-0.1396191800556954,300,22.0,20,32,0.4,0.6,False,"{""n_estimators"": 300, ""min_samples_split"": 32, ""min_samples_leaf"": 20, ""max_samples"": 0.6, ""max_features"": 0.4, ""max_depth"": 22, ""bootstrap"": true}"
TOF_Alt,1,1,0.5992757774140808,0.22160617310468156,0.3666445113466831,0.2326312660673977,200,8.0,20,4,0.55,0.95,False,"{""n_estimators"": 200, ""min_samples_split"": 4, ""min_samples_leaf"": 20, ""max_samples"": 0.95, ""max_features"": 0.55, ""max_depth"": 8, ""bootstrap"": true}"
TOF_Alt,1,2,0.5952127659574431,0.1393215982621913,0.4209540619329633,0.1742587040244798,160,6.0,30,16,sqrt,0.85,True,"{""n_estimators"": 160, ""min_samples_split"": 16, ""min_samples_leaf"": 30, ""max_samples"": 0.85, ""max_features"": ""sqrt"", ""max_depth"": 6, ""bootstrap"": true}"
TOF_Alt,1,3,0.5974654255319196,0.20437897634615954,0.26010064838680214,0.3373647771451175,160,,6,4,0.55,0.75,False,"{""n_estimators"": 160, ""min_samples_split"": 4, ""min_samples_leaf"": 6, ""max_samples"": 0.75, ""max_features"": 0.55, ""max_depth"": null, ""bootstrap"": true}"
TOF_Alt,1,4,0.6233584288052356,0.2442214378290441,0.35665704619291244,0.2667013826123232,250,18.0,15,32,0.4,0.75,False,"{""n_estimators"": 250, ""min_samples_split"": 32, ""min_samples_leaf"": 15, ""max_samples"": 0.75, ""max_features"": 0.4, ""max_depth"": 18, ""bootstrap"": true}"
TOF_Alt,1,5,0.6012999181669365,0.21219888897285466,0.34787259040596336,0.25342732776097315,120,6.0,6,8,0.7,0.75,False,"{""n_estimators"": 120, ""min_samples_split"": 8, ""min_samples_leaf"": 6, ""max_samples"": 0.75, ""max_features"": 0.7, ""max_depth"": 6, ""bootstrap"": true}"
TOF_Alt,1,6,0.606195581014735,0.21791299909423859,0.32843258797609554,0.2777629930386395,80,12.0,10,24,0.7,0.75,False,"{""n_estimators"": 80, ""min_samples_split"": 24, ""min_samples_leaf"": 10, ""max_samples"": 0.75, ""max_features"": 0.7, ""max_depth"": 12, ""bootstrap"": true}"
TOF_Alt,1,7,0.5842815057283102,0.18805527583032974,0.33624594092582266,0.2480355648024875,120,14.0,2,32,0.4,0.6,False,"{""n_estimators"": 120, ""min_samples_split"": 32, ""min_samples_leaf"": 2, ""max_samples"": 0.6, ""max_features"": 0.4, ""max_depth"": 14, ""bootstrap"": true}"
TOF_Alt,1,8,0.5961454582651518,0.2193082729914192,0.38831428918785094,0.20783116907730081,300,18.0,30,32,0.85,,False,"{""n_estimators"": 300, ""min_samples_split"": 32, ""min_samples_leaf"": 30, ""max_samples"": null, ""max_features"": 0.85, ""max_depth"": 18, ""bootstrap"": true}"
TOF_Alt,1,9,0.5909187806873939,0.19364925467959088,0.318038313554461,0.2728804671329329,200,8.0,10,16,0.55,,False,"{""n_estimators"": 200, ""min_samples_split"": 16, ""min_samples_leaf"": 10, ""max_samples"": null, ""max_features"": 0.55, ""max_depth"": 8, ""bootstrap"": true}"
TOF_Alt,1,10,0.6015175941080216,0.22076508407131212,0.36264179801650337,0.23887579609151827,160,12.0,20,12,1.0,,False,"{""n_estimators"": 160, ""min_samples_split"": 12, ""min_samples_leaf"": 20, ""max_samples"": null, ""max_features"": 1.0, ""max_depth"": 12, ""bootstrap"": true}"
TOF_Alt,1,11,0.6109723813420608,0.2217229688437099,0.34018275108105445,0.27078963026100633,200,22.0,15,16,0.55,0.95,False,"{""n_estimators"": 200, ""min_samples_split"": 16, ""min_samples_leaf"": 15, ""max_samples"": 0.95, ""max_features"": 0.55, ""max_depth"": 22, ""bootstrap"": true}"
TOF_Alt,1,12,0.6080220949263484,0.22363944485233386,0.3364075613983834,0.271614533527965,160,22.0,10,12,0.4,0.6,False,"{""n_estimators"": 160, ""min_samples_split"": 12, ""min_samples_leaf"": 10, ""max_samples"": 0.6, ""max_features"": 0.4, ""max_depth"": 22, ""bootstrap"": true}"
TOF_Alt,1,13,0.5987471358428811,0.15647987683437592,0.39755278040637143,0.20119435543650965,120,6.0,15,12,sqrt,0.85,False,"{""n_estimators"": 120, ""min_samples_split"": 12, ""min_samples_leaf"": 15, ""max_samples"": 0.85, ""max_features"": ""sqrt"", ""max_depth"": 6, ""bootstrap"": true}"
TOF_Alt,1,14,0.5842256546644827,0.18241825071389192,0.1634736371982474,0.42075201746623536,300,18.0,4,8,0.85,0.95,False,"{""n_estimators"": 300, ""min_samples_split"": 8, ""min_samples_leaf"": 4, ""max_samples"": 0.95, ""max_features"": 0.85, ""max_depth"": 18, ""bootstrap"": true}"
TOF_Alt,1,15,0.5661822831424003,0.11662960814321242,0.34407047789730405,0.22211180524509622,200,22.0,2,48,sqrt,,False,"{""n_estimators"": 200, ""min_samples_split"": 48, ""min_samples_leaf"": 2, ""max_samples"": null, ""max_features"": ""sqrt"", ""max_depth"": 22, ""bootstrap"": true}"
TOF_Alt,1,16,0.611192512274958,0.22281967585796514,0.3842987818283852,0.22689373044657274,300,22.0,20,32,0.4,0.6,False,"{""n_estimators"": 300, ""min_samples_split"": 32, ""min_samples_leaf"": 20, ""max_samples"": 0.6, ""max_features"": 0.4, ""max_depth"": 22, ""bootstrap"": true}"
TOF_Alt,3,1,1.0765748772504138,0.5351089076536207,0.5932401103843015,0.4833347668661123,200,8.0,20,4,0.55,0.95,False,"{""n_estimators"": 200, ""min_samples_split"": 4, ""min_samples_leaf"": 20, ""max_samples"": 0.95, ""max_features"": 0.55, ""max_depth"": 8, ""bootstrap"": true}"
TOF_Alt,3,2,1.1358676350245511,0.3474402559863596,0.736658178350736,0.39920945667381513,160,6.0,30,16,sqrt,0.85,False,"{""n_estimators"": 160, ""min_samples_split"": 16, ""min_samples_leaf"": 30, ""max_samples"": 0.85, ""max_features"": ""sqrt"", ""max_depth"": 6, ""bootstrap"": true}"
TOF_Alt,3,3,1.0719335106382997,0.5448853021599446,0.40770915916348094,0.6642243514748187,160,,6,4,0.55,0.75,False,"{""n_estimators"": 160, ""min_samples_split"": 4, ""min_samples_leaf"": 6, ""max_samples"": 0.75, ""max_features"": 0.55, ""max_depth"": null, ""bootstrap"": true}"
TOF_Alt,3,4,1.116850859247143,0.5782310306639241,0.5710150707366728,0.5458357885104701,250,18.0,15,32,0.4,0.75,False,"{""n_estimators"": 250, ""min_samples_split"": 32, ""min_samples_leaf"": 15, ""max_samples"": 0.75, ""max_features"": 0.4, ""max_depth"": 18, ""bootstrap"": true}"
TOF_Alt,3,5,1.0849523322422383,0.5648532544399034,0.5485428563065516,0.5364094759356867,120,6.0,6,8,0.7,0.75,False,"{""n_estimators"": 120, ""min_samples_split"": 8, ""min_samples_leaf"": 6, ""max_samples"": 0.75, ""max_features"": 0.7, ""max_depth"": 6, ""bootstrap"": true}"
TOF_Alt,3,6,1.0569300327332327,0.5460429708704444,0.529241527825606,0.5276885049076268,80,12.0,10,24,0.7,0.75,False,"{""n_estimators"": 80, ""min_samples_split"": 24, ""min_samples_leaf"": 10, ""max_samples"": 0.75, ""max_features"": 0.7, ""max_depth"": 12, ""bootstrap"": true}"
TOF_Alt,3,7,1.0378430851063785,0.42468500373641815,0.5396231092543885,0.49821997585198996,120,14.0,2,32,0.4,0.6,False,"{""n_estimators"": 120, ""min_samples_split"": 32, ""min_samples_leaf"": 2, ""max_samples"": 0.6, ""max_features"": 0.4, ""max_depth"": 14, ""bootstrap"": true}"
TOF_Alt,3,8,1.075953559738129,0.5574851140960176,0.6351511288367373,0.4408024309013916,300,18.0,30,32,0.85,,False,"{""n_estimators"": 300, ""min_samples_split"": 32, ""min_samples_leaf"": 30, ""max_samples"": null, ""max_features"": 0.85, ""max_depth"": 18, ""bootstrap"": true}"
TOF_Alt,3,9,1.0492213584288006,0.5133747364915369,0.5044695022697541,0.5447518561590465,200,8.0,10,16,0.55,,False,"{""n_estimators"": 200, ""min_samples_split"": 16, ""min_samples_leaf"": 10, ""max_samples"": null, ""max_features"": 0.55, ""max_depth"": 8, ""bootstrap"": true}"
TOF_Alt,3,10,1.1225270049099967,0.660251527576955,0.5885032935455115,0.5340237113644852,160,12.0,20,12,1.0,,False,"{""n_estimators"": 160, ""min_samples_split"": 12, ""min_samples_leaf"": 20, ""max_samples"": null, ""max_features"": 1.0, ""max_depth"": 12, ""bootstrap"": true}"
TOF_Alt,3,11,1.0798213993453418,0.5551532061427514,0.5495385953673734,0.5302828039779685,200,22.0,15,16,0.55,0.95,False,"{""n_estimators"": 200, ""min_samples_split"": 16, ""min_samples_leaf"": 15, ""max_samples"": 0.95, ""max_features"": 0.55, ""max_depth"": 22, ""bootstrap"": true}"
TOF_Alt,3,12,1.055147094926352,0.47726450137934084,0.5339787466878781,0.5211683482384738,160,22.0,10,12,0.4,0.6,False,"{""n_estimators"": 160, ""min_samples_split"": 12, ""min_samples_leaf"": 10, ""max_samples"": 0.6, ""max_features"": 0.4, ""max_depth"": 22, ""bootstrap"": true}"
TOF_Alt,3,13,1.1162849836333972,0.3959623263044225,0.6676140522067988,0.4486709314265984,120,6.0,15,12,sqrt,0.85,False,"{""n_estimators"": 120, ""min_samples_split"": 12, ""min_samples_leaf"": 15, ""max_samples"": 0.85, ""max_features"": ""sqrt"", ""max_depth"": 6, ""bootstrap"": true}"
TOF_Alt,3,14,1.0307117430441946,0.5293826354483632,0.25727954326672464,0.7734321997774699,300,18.0,4,8,0.85,0.95,False,"{""n_estimators"": 300, ""min_samples_split"": 8, ""min_samples_leaf"": 4, ""max_samples"": 0.95, ""max_features"": 0.85, ""max_depth"": 18, ""bootstrap"": true}"
TOF_Alt,3,15,1.034037847790512,0.3144144009896484,0.5618168227729565,0.4722210250175556,200,22.0,2,48,sqrt,,True,"{""n_estimators"": 200, ""min_samples_split"": 48, ""min_samples_leaf"": 2, ""max_samples"": null, ""max_features"": ""sqrt"", ""max_depth"": 22, ""bootstrap"": true}"
TOF_Alt,3,16,1.0915742635024608,0.5137920814156538,0.6248282300335604,0.4667460334689004,300,22.0,20,32,0.4,0.6,False,"{""n_estimators"": 300, ""min_samples_split"": 32, ""min_samples_leaf"": 20, ""max_samples"": 0.6, ""max_features"": 0.4, ""max_depth"": 22, ""bootstrap"": true}"
TOF_Alt,5,1,1.5353907528641852,0.7715889804372726,0.8259138850758895,0.7094768677882958,200,8.0,20,4,0.55,0.95,False,"{""n_estimators"": 200, ""min_samples_split"": 4, ""min_samples_leaf"": 20, ""max_samples"": 0.95, ""max_features"": 0.55, ""max_depth"": 8, ""bootstrap"": true}"
TOF_Alt,5,2,1.7405008183306236,0.6167301657343864,1.049003360423753,0.6914974579068707,160,6.0,30,16,sqrt,0.85,False,"{""n_estimators"": 160, ""min_samples_split"": 16, ""min_samples_leaf"": 30, ""max_samples"": 0.85, ""max_features"": ""sqrt"", ""max_depth"": 6, ""bootstrap"": true}"
TOF_Alt,5,3,1.522649345335527,0.8018907232190965,0.5577370426511139,0.9649123026844131,160,,6,4,0.55,0.75,False,"{""n_estimators"": 160, ""min_samples_split"": 4, ""min_samples_leaf"": 6, ""max_samples"": 0.75, ""max_features"": 0.55, ""max_depth"": null, ""bootstrap"": true}"
TOF_Alt,5,4,1.6088349018003427,0.8010248699191951,0.789358630644065,0.8194762711562777,250,18.0,15,32,0.4,0.75,False,"{""n_estimators"": 250, ""min_samples_split"": 32, ""min_samples_leaf"": 15, ""max_samples"": 0.75, ""max_features"": 0.4, ""max_depth"": 18, ""bootstrap"": true}"
TOF_Alt,5,5,1.5576254091653263,0.8318562046930769,0.7667984870737974,0.7908269220915289,120,6.0,6,8,0.7,0.75,False,"{""n_estimators"": 120, ""min_samples_split"": 8, ""min_samples_leaf"": 6, ""max_samples"": 0.75, ""max_features"": 0.7, ""max_depth"": 6, ""bootstrap"": true}"
TOF_Alt,5,6,1.5397943944353671,0.8169516181513672,0.7301508113246012,0.8096435831107659,80,12.0,10,24,0.7,0.75,False,"{""n_estimators"": 80, ""min_samples_split"": 24, ""min_samples_leaf"": 10, ""max_samples"": 0.75, ""max_features"": 0.7, ""max_depth"": 12, ""bootstrap"": true}"
TOF_Alt,5,7,1.3762542962356967,0.5253264903038316,0.7528352350205925,0.6234190612151043,120,14.0,2,32,0.4,0.6,True,"{""n_estimators"": 120, ""min_samples_split"": 32, ""min_samples_leaf"": 2, ""max_samples"": 0.6, ""max_features"": 0.4, ""max_depth"": 14, ""bootstrap"": true}"
TOF_Alt,5,8,1.5629869067103055,0.8530585237778195,0.8962508213041332,0.6667360854061722,300,18.0,30,32,0.85,,False,"{""n_estimators"": 300, ""min_samples_split"": 32, ""min_samples_leaf"": 30, ""max_samples"": null, ""max_features"": 0.85, ""max_depth"": 18, ""bootstrap"": true}"
TOF_Alt,5,9,1.566993044189864,0.8488365762761849,0.686283284201378,0.8807097599884861,200,8.0,10,16,0.55,,False,"{""n_estimators"": 200, ""min_samples_split"": 16, ""min_samples_leaf"": 10, ""max_samples"": null, ""max_features"": 0.55, ""max_depth"": 8, ""bootstrap"": true}"
TOF_Alt,5,10,1.6297894844517422,1.0104032061650459,0.8274385947508167,0.8023508897009255,160,12.0,20,12,1.0,,False,"{""n_estimators"": 160, ""min_samples_split"": 12, ""min_samples_leaf"": 20, ""max_samples"": null, ""max_features"": 1.0, ""max_depth"": 12, ""bootstrap"": true}"
TOF_Alt,5,11,1.5408510638297908,0.7981945774488449,0.751948518095156,0.7889025457346348,200,22.0,15,16,0.55,0.95,False,"{""n_estimators"": 200, ""min_samples_split"": 16, ""min_samples_leaf"": 15, ""max_samples"": 0.95, ""max_features"": 0.55, ""max_depth"": 22, ""bootstrap"": true}"
TOF_Alt,5,12,1.5763565875613703,0.805829580169183,0.739165815758288,0.8371907718030823,160,22.0,10,12,0.4,0.6,False,"{""n_estimators"": 160, ""min_samples_split"": 12, ""min_samples_leaf"": 10, ""max_samples"": 0.6, ""max_features"": 0.4, ""max_depth"": 22, ""bootstrap"": true}"
TOF_Alt,5,13,1.6947221767594165,0.6267299316602413,0.9461488243244791,0.7485733524349374,120,6.0,15,12,sqrt,0.85,False,"{""n_estimators"": 120, ""min_samples_split"": 12, ""min_samples_leaf"": 15, ""max_samples"": 0.85, ""max_features"": ""sqrt"", ""max_depth"": 6, ""bootstrap"": true}"
TOF_Alt,5,14,1.51768228314241,0.8619759165880204,0.3547940490969925,1.1628882340454174,300,18.0,4,8,0.85,0.95,False,"{""n_estimators"": 300, ""min_samples_split"": 8, ""min_samples_leaf"": 4, ""max_samples"": 0.95, ""max_features"": 0.85, ""max_depth"": 18, ""bootstrap"": true}"
TOF_Alt,5,15,1.4846170212766074,0.4456834883996488,0.7941842585077277,0.6904327627688798,200,22.0,2,48,sqrt,,False,"{""n_estimators"": 200, ""min_samples_split"": 48, ""min_samples_leaf"": 2, ""max_samples"": null, ""max_features"": ""sqrt"", ""max_depth"": 22, ""bootstrap"": true}"
TOF_Alt,5,16,1.6145804009819993,0.7833518823519608,0.8802640149798776,0.7343163860021217,300,22.0,20,32,0.4,0.6,False,"{""n_estimators"": 300, ""min_samples_split"": 32, ""min_samples_leaf"": 20, ""max_samples"": 0.6, ""max_features"": 0.4, ""max_depth"": 22, ""bootstrap"": true}"
